service,tray,diameter_ft,a_col_ft2,flv,u_nf_ft_s,u_design_ft_s,f_hole_eff,u_hole_ft_s,dp_dry_in,dp_tray_in,dp_tray_psi,h_dc_in,h_dc_limit_in,dc_backup_pct,min_load_pct,max_load_pct,turndown_ratio,e_oconnell_pct,e_tray_pct,n_actual_trays,column_height_ft,total_dp_psi,shell_ratio,tray_ratio,relative_installed_cost
General Rectification (T801 basis),Sieve,4.3869,15.1147,0.05197,1.5174,1.2139,0.1000,12.1392,1.7453,3.2065,0.05567,4.4061,13.0000,33.89,62.50,125.00,2.000,76.18,76.18,27,64.00,1.5030,1.0000,1.0000,1.0000
General Rectification (T801 basis),Dual-Flow,3.6129,10.2517,0.05197,1.7450,1.3960,0.2000,6.9800,0.5770,0.9770,0.01696,,,,81.25,125.00,1.538,76.18,63.23,32,74.00,0.5428,0.9522,0.5627,0.8354
General Rectification (T801 basis),Moving Valve,4.3225,14.6745,0.05197,1.5629,1.2503,0.1300,9.6180,0.8081,2.2729,0.03946,3.4757,13.0000,26.74,37.50,125.00,3.333,76.18,76.18,27,64.00,1.0654,0.9853,1.3107,1.0829
General Rectification (T801 basis),Fixed Valve,4.2213,13.9951,0.05197,1.6388,1.3110,0.1200,10.9253,1.1771,2.5675,0.04457,3.8557,13.0000,29.66,56.25,125.00,2.222,76.18,76.18,27,64.00,1.2035,0.9623,1.1111,1.0069
General Rectification (T801 basis),High-Performance MD,3.7587,11.0960,0.05197,1.8968,1.5174,0.1400,10.8386,1.1585,2.0225,0.03511,2.9029,12.5000,23.22,50.00,125.00,2.500,76.18,73.89,28,66.00,0.9832,0.8836,1.1800,0.9725
General Rectification (T801 basis),Ripple (Corrugated),4.1301,13.3971,0.05197,1.6691,1.3353,0.1100,12.1392,1.6535,2.7453,0.04766,3.8434,12.7500,30.14,50.00,125.00,2.500,76.18,83.80,24,58.00,1.1439,0.8532,0.9061,0.8691
General Rectification (T801 basis),HyTrays Apex,2.6578,5.5480,0.05197,3.7935,3.0348,0.2500,12.1392,1.2873,1.8258,0.03170,2.7700,12.2500,22.61,5.62,125.00,22.222,76.18,91.41,22,54.00,0.6974,0.5112,0.9571,0.6450
Fouling / Heavy-Ends Service,Sieve,5.4169,23.0462,0.19518,2.6745,1.7384,0.0750,23.1790,1.7859,3.7214,0.09045,5.3384,13.0000,41.06,76.92,153.85,2.000,33.52,33.52,45,100.00,4.0703,1.0000,1.0000,1.0000
Fouling / Heavy-Ends Service,Dual-Flow,4.4612,15.6313,0.19518,3.0757,1.9992,0.1800,11.1066,0.4101,0.8101,0.01969,,,,100.00,153.85,1.538,33.52,27.82,54,118.00,1.0632,0.9718,0.5697,0.8512
Fouling / Heavy-Ends Service,Moving Valve,5.3375,22.3749,0.19518,2.7547,1.7906,0.0910,19.6767,0.9493,2.8930,0.07032,4.5188,13.0000,34.76,46.15,153.85,3.333,33.52,33.52,45,100.00,3.1643,0.9853,1.3107,1.0829
Fouling / Heavy-Ends Service,Fixed Valve,5.2125,21.3391,0.19518,2.8885,1.8775,0.1020,18.4069,0.9378,2.7882,0.06777,4.5352,13.0000,34.89,69.23,153.85,2.222,33.52,33.52,45,100.00,3.0496,0.9623,1.1111,1.0069
Fouling / Heavy-Ends Service,High-Performance MD,4.6413,16.9186,0.19518,3.3431,2.1730,0.1050,20.6956,1.1855,2.5275,0.06143,4.0024,12.5000,32.02,61.54,153.85,2.500,33.52,32.52,47,104.00,2.8873,0.8911,1.1885,0.9803
Fouling / Heavy-Ends Service,Ripple (Corrugated),5.0999,20.4273,0.19518,2.9420,1.9123,0.0792,24.1448,1.8359,3.3766,0.08207,4.9686,12.7500,38.97,61.54,153.85,2.500,33.52,36.87,41,92.00,3.3649,0.8662,0.9287,0.8849
Fouling / Heavy-Ends Service,HyTrays Apex,3.2819,8.4593,0.19518,6.6863,4.3461,0.2325,18.6928,0.8567,1.8529,0.04504,4.0103,12.2500,32.74,6.92,153.85,22.222,33.52,40.23,38,86.00,1.7114,0.5210,0.9919,0.6623
Vacuum Tower Section,Sieve,8.8381,61.3489,0.01987,9.6749,7.7399,0.1000,77.3989,3.3014,4.7768,0.10504,5.9850,16.0000,37.41,62.50,125.00,2.000,45.85,45.85,18,55.00,1.8908,1.0000,1.0000,1.0000
Vacuum Tower Section,Dual-Flow,7.2788,41.6106,0.01987,11.1261,8.9009,0.2000,44.5044,1.0915,1.4915,0.03280,,,,81.25,125.00,1.538,45.85,38.06,22,65.00,0.7216,0.9733,0.5803,0.8554
Vacuum Tower Section,Moving Valve,8.7084,59.5621,0.01987,9.9651,7.9721,0.1300,61.3237,1.5286,3.0077,0.06614,4.2190,16.0000,26.37,37.50,125.00,3.333,45.85,45.85,18,55.00,1.1905,0.9853,1.3107,1.0829
Vacuum Tower Section,Fixed Valve,8.5045,56.8046,0.01987,10.4488,8.3591,0.1200,69.6590,2.2267,3.6307,0.07984,4.9281,16.0000,30.80,56.25,125.00,2.222,45.85,45.85,18,55.00,1.4372,0.9623,1.1111,1.0069
Vacuum Tower Section,High-Performance MD,7.5725,45.0373,0.01987,12.0936,9.6749,0.1400,69.1062,2.1915,3.0697,0.06750,3.9524,15.5000,25.50,50.00,125.00,2.500,45.85,44.48,18,55.00,1.2151,0.8568,1.1379,0.9411
Vacuum Tower Section,Ripple (Corrugated),8.3208,54.3775,0.01987,10.6423,8.5139,0.1100,77.3989,3.1277,4.2329,0.09308,5.3399,15.7500,33.90,50.00,125.00,2.500,45.85,50.44,16,50.00,1.4894,0.8559,0.9061,0.8709
Vacuum Tower Section,HyTrays Apex,5.3546,22.5187,0.01987,24.1872,19.3497,0.2500,77.3989,2.4351,2.9872,0.06569,3.9063,15.2500,25.61,5.62,125.00,22.222,45.85,55.02,15,47.50,0.9854,0.5232,0.9788,0.6599
High-Pressure / High-Liquid-Load Service (C3/C4 splitter),Sieve,9.3777,69.0688,0.53452,0.4834,0.3867,0.1000,3.8671,0.3728,3.1673,0.05132,5.5464,13.0000,42.66,62.50,125.00,2.000,84.68,84.68,48,106.00,2.4634,1.0000,1.0000,1.0000
High-Pressure / High-Liquid-Load Service (C3/C4 splitter),Dual-Flow,7.7231,46.8467,0.53452,0.5559,0.4447,0.2000,2.2236,0.1233,0.5233,0.00848,,,,81.25,125.00,1.538,84.68,70.28,57,124.00,0.4833,0.9634,0.5638,0.8435
High-Pressure / High-Liquid-Load Service (C3/C4 splitter),Moving Valve,9.2401,67.0571,0.53452,0.4979,0.3983,0.1300,3.0639,0.4000,3.2112,0.05203,5.6097,13.0000,43.15,37.50,125.00,3.333,84.68,84.68,48,106.00,2.4976,0.9853,1.3107,1.0829
High-Pressure / High-Liquid-Load Service (C3/C4 splitter),Fixed Valve,9.0237,63.9526,0.53452,0.5221,0.4176,0.1200,3.4804,0.2515,2.9351,0.04756,5.5205,13.0000,42.47,56.25,125.00,2.222,84.68,84.68,48,106.00,2.2829,0.9623,1.1111,1.0069
High-Pressure / High-Liquid-Load Service (C3/C4 splitter),High-Performance MD,8.0349,50.7046,0.53452,0.6042,0.4834,0.1400,3.4527,0.2475,2.4551,0.03978,5.0328,12.5000,40.26,50.00,125.00,2.500,84.68,82.14,49,108.00,1.9493,0.8730,1.1616,0.9596
High-Pressure / High-Liquid-Load Service (C3/C4 splitter),Ripple (Corrugated),8.8288,61.2201,0.53452,0.5317,0.4254,0.1100,3.8671,0.3532,2.7068,0.04386,5.2033,12.7500,40.81,50.00,125.00,2.500,84.68,93.14,43,96.00,1.8860,0.8527,0.9131,0.8708
High-Pressure / High-Liquid-Load Service (C3/C4 splitter),HyTrays Apex,5.6815,25.3523,0.53452,1.2085,0.9668,0.2500,3.8671,0.2750,2.1001,0.03403,6.5585,12.2500,53.54,5.62,125.00,22.222,84.68,100.00,40,90.00,1.3612,0.5144,0.9788,0.6537
Foaming Service,Sieve,5.0655,20.1530,0.05197,1.1381,0.9104,0.1000,9.1044,0.9817,2.4099,0.04184,3.5807,13.0000,27.54,62.50,125.00,2.000,76.18,76.18,27,64.00,1.1296,1.0000,1.0000,1.0000
Foaming Service,Dual-Flow,4.1718,13.6690,0.05197,1.3088,1.0470,0.2000,5.2350,0.3246,0.7246,0.01258,,,,81.25,125.00,1.538,76.18,63.23,32,74.00,0.4025,0.9522,0.5627,0.8354
Foaming Service,Moving Valve,4.9912,19.5660,0.05197,1.1722,0.9378,0.1300,7.2135,0.4546,1.8860,0.03274,3.0596,13.0000,23.54,37.50,125.00,3.333,76.18,76.18,27,64.00,0.8840,0.9853,1.3107,1.0829
Foaming Service,Fixed Valve,4.8743,18.6601,0.05197,1.2291,0.9833,0.1200,8.1940,0.6621,2.0205,0.03508,3.2770,13.0000,25.21,56.25,125.00,2.222,76.18,76.18,27,64.00,0.9471,0.9623,1.1111,1.0069
Foaming Service,High-Performance MD,4.3402,14.7946,0.05197,1.4226,1.1381,0.1400,8.1289,0.6517,1.4824,0.02574,2.3223,12.5000,18.58,50.00,125.00,2.500,76.18,73.89,28,66.00,0.7206,0.8836,1.1800,0.9725
Foaming Service,Ripple (Corrugated),4.7690,17.8629,0.05197,1.2519,1.0015,0.1100,9.1044,0.9301,1.9906,0.03456,3.0548,12.7500,23.96,50.00,125.00,2.500,76.18,83.80,24,58.00,0.8294,0.8532,0.9061,0.8691
Foaming Service,HyTrays Apex,3.0690,7.3973,0.05197,2.8451,2.2761,0.2500,9.1044,0.7241,1.2308,0.02137,2.0943,12.2500,17.10,5.62,125.00,22.222,76.18,91.41,22,54.00,0.4701,0.5112,0.9571,0.6450
